word,phonetic,translation,level,tags
able,/ˈeɪbl/,能够；有能力的,junior,["形容词", "基础词汇", "日常"]
about,/əˈbaʊt/,关于；大约；到处,junior,["介词", "副词", "基础词汇"]
above,/əˈbʌv/,在……上面；超过；上面的,junior,["介词", "副词", "形容词"]
accept,/əkˈsept/,接受；承认；承担,junior,["动词", "高频词汇"]
accident,/ˈæksɪdənt/,事故；意外；偶然,junior,["名词", "高频词汇", "生活"]
achieve,/əˈtʃiːv/,达到；实现；获得,junior,["动词", "中考核心"]
across,/əˈkrɒs/,穿过；横过；在……对面,junior,["介词", "副词", "基础词汇"]
act,/ækt/,行动；扮演；法令；行动的,junior,["动词", "名词", "多词性"]
active,/ˈæktɪv/,积极的；活跃的；主动的,junior,["形容词", "中考核心"]
activity,/ækˈtɪvəti/,活动；活跃；行动,junior,["名词", "高频词汇"]
add,/æd/,加；增加；补充,junior,["动词", "基础词汇", "数学"]
address,/əˈdres/,地址；演讲；称呼；写地址；致辞,junior,["名词", "动词", "中考核心"]
advantage,/ədˈvɑːntɪdʒ/,优势；有利条件；好处,junior,["名词", "高频词汇"]
advice,/ədˈvaɪs/,建议；忠告；劝告,junior,["名词", "中考核心"]
advise,/ədˈvaɪz/,建议；劝告；通知,junior,["动词", "中考核心"]
afford,/əˈfɔːd/,买得起；承担得起；提供,junior,["动词", "高频词汇"]
afraid,/əˈfreɪd/,害怕的；担心的；恐怕,junior,["形容词", "基础词汇"]
after,/ˈɑːftə/,在……之后；后来；以后的,junior,["介词", "副词", "连词"]
afternoon,/ˌɑːftəˈnuːn/,下午；午后,junior,["名词", "基础词汇", "日常"]
again,/əˈɡen/,再一次；又；此外,junior,["副词", "基础词汇"]
against,/əˈɡenst/,反对；违反；靠着；逆,junior,["介词", "中考核心"]
age,/eɪdʒ/,年龄；时代；变老,junior,["名词", "动词", "基础词汇"]
agent,/ˈeɪdʒənt/,代理人；代理商；特工,junior,["名词", "拓展词汇"]
ago,/əˈɡəʊ/,以前；以往,junior,["副词", "基础词汇"]
agree,/əˈɡriː/,同意；赞成；约定,junior,["动词", "中考核心"]
agreement,/əˈɡriːmənt/,协议；同意；一致,junior,["名词", "高频词汇"]
air,/eə/,空气；大气；航空；通风,junior,["名词", "动词", "基础词汇"]
airport,/ˈeəpɔːt/,机场；航空站,junior,["名词", "基础词汇", "出行"]
alive,/əˈlaɪv/,活着的；活跃的；有生气的,junior,["形容词", "中考核心"]
all,/ɔːl/,全部；所有；都；全部的,junior,["形容词", "代词", "副词"]
allow,/əˈlaʊ/,允许；准许；认可,junior,["动词", "中考核心"]
almost,/ˈɔːlməʊst/,几乎；差不多；将近,junior,["副词", "基础词汇"]
alone,/əˈləʊn/,独自的；单独的；仅仅；独自地,junior,["形容词", "副词", "中考核心"]
along,/əˈlɒŋ/,沿着；顺着；一起；向前,junior,["介词", "副词", "基础词汇"]
aloud,/əˈlaʊd/,大声地；出声地,junior,["副词", "基础词汇"]
already,/ɔːlˈredi/,已经；早已；先前,junior,["副词", "中考核心"]
also,/ˈɔːlsəʊ/,也；同样；而且,junior,["副词", "基础词汇"]
although,/ɔːlˈðəʊ/,虽然；尽管；即使,junior,["连词", "中考核心"]
always,/ˈɔːlweɪz/,总是；一直；永远,junior,["副词", "基础词汇"]
among,/əˈmʌŋ/,在……之中；在……之间,junior,["介词", "中考核心"]
amount,/əˈmaʊnt/,数量；总额；总计；等于,junior,["名词", "动词", "拓展词汇"]
an,/æn/,一（个）；任一（个）,junior,["冠词", "基础词汇"]
and,/ænd/,和；与；而且；然后,junior,["连词", "基础词汇"]
angry,/ˈæŋɡri/,生气的；愤怒的；恼火的,junior,["形容词", "基础词汇", "情绪"]
animal,/ˈænɪml/,动物；动物的；野蛮的,junior,["名词", "形容词", "基础词汇"]
another,/əˈnʌðə/,另一个；再一个；另一的,junior,["形容词", "代词", "中考核心"]
answer,/ˈɑːnsə/,回答；答案；回应；解答,junior,["名词", "动词", "基础词汇"]
any,/ˈeni/,任何的；任一；一些；任何,junior,["形容词", "代词", "副词"]
anybody,/ˈeniˌbɒdi/,任何人；无论谁,junior,["代词", "基础词汇"]
anyone,/ˈeniwʌn/,任何人；谁都,junior,["代词", "基础词汇"]
anything,/ˈeniθɪŋ/,任何事物；任何东西,junior,["代词", "中考核心"]
anywhere,/ˈeniweə/,任何地方；无论何处,junior,["副词", "基础词汇"]
appear,/əˈpɪə/,出现；显得；似乎,junior,["动词", "中考核心"]
apple,/ˈæpl/,苹果；苹果树,junior,["名词", "基础词汇", "食物"]
April,/ˈeɪprəl/,四月,junior,["名词", "基础词汇", "时间"]
area,/ˈeəriə/,区域；面积；领域,junior,["名词", "高频词汇"]
arm,/ɑːm/,手臂；武器；武装,junior,["名词", "动词", "基础词汇"]
army,/ˈɑːmi/,军队；陆军；大批,junior,["名词", "拓展词汇"]
around,/əˈraʊnd/,大约；周围；环绕,junior,["介词", "副词", "基础词汇"]
arrive,/əˈraɪv/,到达；抵达；到来,junior,["动词", "中考核心"]
art,/ɑːt/,艺术；美术；艺术品,junior,["名词", "基础词汇"]
article,/ˈɑːtɪkl/,文章；物品；冠词,junior,["名词", "中考核心"]
artist,/ˈɑːtɪst/,艺术家；画家；艺人,junior,["名词", "拓展词汇"]
as,/æz/,作为；像；当……时；因为,junior,["介词", "连词", "副词"]
ask,/ɑːsk/,问；请求；要求,junior,["动词", "基础词汇"]
asleep,/əˈsliːp/,睡着的；熟睡的,junior,["形容词", "中考核心"]
at,/æt/,在（某处）；在（某时间）；向,junior,["介词", "基础词汇"]
attack,/əˈtæk/,攻击；袭击；抨击；进攻,junior,["动词", "名词", "拓展词汇"]
attempt,/əˈtempt/,尝试；试图；努力,junior,["动词", "名词", "中考核心"]
attention,/əˈtenʃn/,注意；注意力；关心,junior,["名词", "中考核心"]
August,/ˈɔːɡəst/,八月,junior,["名词", "基础词汇", "时间"]
aunt,/ɑːnt/,姑母；姨母；伯母；舅妈,junior,["名词", "基础词汇", "亲属"]
autumn,/ˈɔːtəm/,秋天；秋季,junior,["名词", "基础词汇", "季节"]
available,/əˈveɪləbl/,可获得的；可用的；有空的,junior,["形容词", "中考核心"]
avoid,/əˈvɔɪd/,避免；避开；逃避,junior,["动词", "高频词汇"]
awake,/əˈweɪk/,醒着的；唤醒；觉醒,junior,["形容词", "动词", "中考核心"]
away,/əˈweɪ/,离开；远离；消失,junior,["副词", "基础词汇"]
baby,/ˈbeɪbi/,婴儿；宝贝；幼稚的,junior,["名词", "形容词", "基础词汇"]
back,/bæk/,背部；后面；返回；向后的,junior,["名词", "动词", "副词", "形容词"]
bad,/bæd/,坏的；糟糕的；严重的,junior,["形容词", "基础词汇"]
badly,/ˈbædli/,糟糕地；严重地；非常,junior,["副词", "中考核心"]
bag,/bæɡ/,包；袋子；猎获物,junior,["名词", "动词", "基础词汇"]
bake,/beɪk/,烤；烘焙；烘烤,junior,["动词", "名词", "拓展词汇"]
ball,/bɔːl/,球；舞会；球类运动,junior,["名词", "基础词汇", "运动"]
balloon,/bəˈluːn/,气球；热气球；膨胀,junior,["名词", "动词", "拓展词汇"]
banana,/bəˈnɑːnə/,香蕉,junior,["名词", "基础词汇", "食物"]
bank,/bæŋk/,银行；岸；库；存款,junior,["名词", "动词", "基础词汇"]
base,/beɪs/,基础；基地；根据；以……为基础,junior,["名词", "动词", "中考核心"]
basic,/ˈbeɪsɪk/,基本的；基础的；基础,junior,["形容词", "名词", "中考核心"]
basket,/ˈbɑːskɪt/,篮子；筐；投篮,junior,["名词", "基础词汇"]
basketball,/ˈbɑːskɪtbɔːl/,篮球；篮球运动,junior,["名词", "基础词汇", "运动"]
bath,/bɑːθ/,洗澡；浴室；沐浴,junior,["名词", "动词", "基础词汇"]
bathe,/beɪð/,洗澡；沐浴；游泳,junior,["动词", "名词", "拓展词汇"]
bathroom,/ˈbɑːθruːm/,浴室；洗手间,junior,["名词", "基础词汇", "日常"]
battle,/ˈbætl/,战斗；战役；搏斗,junior,["名词", "动词", "拓展词汇"]
be,/biː/,是；存在；成为,junior,["动词", "基础词汇"]
beach,/biːtʃ/,海滩；海滨；上岸,junior,["名词", "动词", "基础词汇", "出行"]
bear,/beə/,熊；承受；忍受；生育,junior,["名词", "动词", "中考核心"]
beat,/biːt/,打败；敲打；节拍；跳动,junior,["动词", "名词", "中考核心"]
beautiful,/ˈbjuːtɪfl/,美丽的；出色的,junior,["形容词", "基础词汇"]
beauty,/ˈbjuːti/,美丽；美人；美好的东西,junior,["名词", "拓展词汇"]
because,/bɪˈkɒz/,因为；由于,junior,["连词", "基础词汇"]
become,/bɪˈkʌm/,成为；变得；适合,junior,["动词", "中考核心"]
bed,/bed/,床；床铺；床位,junior,["名词", "基础词汇", "日常"]
bedroom,/ˈbedruːm/,卧室；寝室,junior,["名词", "基础词汇", "日常"]
bee,/biː/,蜜蜂；忙碌的人,junior,["名词", "基础词汇", "自然"]
beef,/biːf/,牛肉；肌肉；怨言,junior,["名词", "基础词汇", "食物"]
beer,/bɪə/,啤酒,junior,["名词", "拓展词汇"]
before,/bɪˈfɔː/,在……之前；以前；先前的,junior,["介词", "副词", "连词", "形容词"]
begin,/bɪˈɡɪn/,开始；着手；启动,junior,["动词", "中考核心"]
beginning,/bɪˈɡɪnɪŋ/,开始；开端；起源,junior,["名词", "形容词", "拓展词汇"]
behave,/bɪˈheɪv/,表现；举止；行为端正,junior,["动词", "中考核心"]
behavior,/bɪˈheɪvjə/,行为；举止；态度,junior,["名词", "中考核心"]
behind,/bɪˈhaɪnd/,在……后面；落后于；背后的,junior,["介词", "副词", "形容词"]
believe,/bɪˈliːv/,相信；认为；信任,junior,["动词", "中考核心"]
bell,/bel/,铃；钟；铃声,junior,["名词", "基础词汇", "校园"]
belong,/bɪˈlɒŋ/,属于；应在（某处）；适应,junior,["动词", "中考核心"]
below,/bɪˈləʊ/,在……下面；低于；下面的,junior,["介词", "副词", "形容词"]
beside,/bɪˈsaɪd/,在……旁边；除……之外,junior,["介词", "基础词汇"]
besides,/bɪˈsaɪdz/,此外；而且；除……之外,junior,["副词", "介词", "中考核心"]
best,/best/,最好的；最；最好地；最好的人/物,junior,["形容词", "副词", "名词"]
better,/ˈbetə/,更好的；较好地；改善；更好的人/物,junior,["形容词", "副词", "动词", "名词"]
between,/bɪˈtwiːn/,在……之间；介于……之间,junior,["介词", "副词", "中考核心"]
beyond,/bɪˈjɒnd/,超过；越过；在……那边,junior,["介词", "副词", "拓展词汇"]
big,/bɪɡ/,大的；重要的；量大的,junior,["形容词", "基础词汇"]
bike,/baɪk/,自行车；摩托车；骑自行车,junior,["名词", "动词", "基础词汇", "出行"]
bill,/bɪl/,账单；钞票；议案；开账单,junior,["名词", "动词", "中考核心"]
bird,/bɜːd/,鸟；禽；少女,junior,["名词", "基础词汇", "自然"]
birth,/bɜːθ/,出生；诞生；起源,junior,["名词", "中考核心"]
birthday,/ˈbɜːθdeɪ/,生日；诞辰,junior,["名词", "基础词汇", "日常"]
biscuit,/ˈbɪskɪt/,饼干；小点心,junior,["名词", "基础词汇", "食物"]
bit,/bɪt/,一点；少量；比特；咬,junior,["名词", "动词", "基础词汇"]
black,/blæk/,黑色的；黑色；变黑,junior,["形容词", "名词", "动词"]
blackboard,/ˈblækbɔːd/,黑板,junior,["名词", "基础词汇", "校园"]
blame,/bleɪm/,责备；指责；过失,junior,["动词", "名词", "拓展词汇"]
blind,/blaɪnd/,盲目的；失明的；使失明,junior,["形容词", "动词", "中考核心"]
blood,/blʌd/,血；血液；血统,junior,["名词", "拓展词汇"]
blow,/bləʊ/,吹；刮风；爆炸；打击,junior,["动词", "名词", "中考核心"]
blue,/bluː/,蓝色的；蓝色；忧郁的,junior,["形容词", "名词", "基础词汇"]
board,/bɔːd/,板；木板；董事会；上船/飞机,junior,["名词", "动词", "中考核心"]
boat,/bəʊt/,船；小船；划船,junior,["名词", "动词", "基础词汇", "出行"]
body,/ˈbɒdi/,身体；躯体；主体,junior,["名词", "基础词汇"]
book,/bʊk/,书；书籍；预订；登记,junior,["名词", "动词", "基础词汇", "学习"]
bookshop,/ˈbʊkʃɒp/,书店,junior,["名词", "基础词汇", "学习"]
boring,/ˈbɔːrɪŋ/,无聊的；令人厌烦的,junior,["形容词", "基础词汇"]
born,/bɔːn/,出生的；天生的；诞生,junior,["形容词", "动词", "中考核心"]
borrow,/ˈbɒrəʊ/,借；借用；借入,junior,["动词", "中考核心"]
boss,/bɒs/,老板；上司；指挥,junior,["名词", "动词", "拓展词汇"]
both,/bəʊθ/,两者都；双方的,junior,["形容词", "代词", "连词"]
bottle,/ˈbɒtl/,瓶子；一瓶；装瓶,junior,["名词", "动词", "基础词汇"]
bottom,/ˈbɒtəm/,底部；末端；基础；底部的,junior,["名词", "形容词", "拓展词汇"]
box,/bɒks/,盒子；箱子；拳击；装箱,junior,["名词", "动词", "基础词汇"]
boy,/bɔɪ/,男孩；小伙子；男性服务员,junior,["名词", "基础词汇"]
brain,/breɪn/,大脑；头脑；智力,junior,["名词", "拓展词汇"]
brave,/breɪv/,勇敢的；无畏的；勇敢面对,junior,["形容词", "动词", "中考核心"]
bread,/bred/,面包；生计；食物,junior,["名词", "基础词汇", "食物"]
break,/breɪk/,打破；打碎；休息；裂缝,junior,["动词", "名词", "中考核心"]
breakfast,/ˈbrekfəst/,早餐；早饭；吃早餐,junior,["名词", "动词", "基础词汇", "日常"]
breath,/breθ/,呼吸；气息；一口气,junior,["名词", "中考核心"]
breathe,/briːð/,呼吸；呼出；低声说,junior,["动词", "中考核心"]
bridge,/brɪdʒ/,桥；桥梁；纽带；架桥,junior,["名词", "动词", "基础词汇"]
bright,/braɪt/,明亮的；聪明的；鲜艳的,junior,["形容词", "中考核心"]
bring,/brɪŋ/,带来；拿来；引起,junior,["动词", "中考核心"]
broad,/brɔːd/,宽的；广阔的；广泛的,junior,["形容词", "拓展词汇"]
brother,/ˈbrʌðə/,兄弟；同事；同胞,junior,["名词", "基础词汇", "亲属"]
brown,/braʊn/,棕色的；棕色；变成棕色,junior,["形容词", "名词", "动词"]
brush,/brʌʃ/,刷子；画笔；刷；擦,junior,["名词", "动词", "基础词汇"]
build,/bɪld/,建造；建立；建筑；体型,junior,["动词", "名词", "中考核心"]
building,/ˈbɪldɪŋ/,建筑物；楼房；建筑,junior,["名词", "基础词汇"]
burn,/bɜːn/,燃烧；烧毁；烧伤；火焰,junior,["动词", "名词", "中考核心"]
bus,/bʌs/,公共汽车；巴士；乘公交车,junior,["名词", "动词", "基础词汇", "出行"]
business,/ˈbɪznəs/,商业；生意；事务；职业,junior,["名词", "中考核心"]
busy,/ˈbɪzi/,忙碌的；繁忙的；使忙碌,junior,["形容词", "动词", "基础词汇"]
but,/bʌt/,但是；然而；除了；仅仅,junior,["连词", "介词", "副词"]
butter,/ˈbʌtə/,黄油；奶油；涂黄油,junior,["名词", "动词", "基础词汇", "食物"]
button,/ˈbʌtn/,按钮；纽扣；扣上,junior,["名词", "动词", "拓展词汇"]
buy,/baɪ/,买；购买；获得,junior,["动词", "名词", "基础词汇"]
by,/baɪ/,通过；被；用；在……旁边,junior,["介词", "副词", "中考核心"]
cake,/keɪk/,蛋糕；糕饼；块状物,junior,["名词", "基础词汇", "食物"]
call,/kɔːl/,呼叫；打电话；称呼；电话,junior,["动词", "名词", "基础词汇"]
calm,/kɑːm/,平静的；冷静的；使平静,junior,["形容词", "动词", "中考核心"]
camera,/ˈkæmərə/,照相机；摄像机,junior,["名词", "基础词汇"]
camp,/kæmp/,露营；营地；帐篷；宿营,junior,["名词", "动词", "拓展词汇"]
can,/kæn/,能；能够；可以；罐头,junior,["情态动词", "名词", "基础词汇"]
canal,/kəˈnæl/,运河；水道；管道,junior,["名词", "拓展词汇"]
cancel,/ˈkænsl/,取消；废除；终止,junior,["动词", "中考核心"]
candy,/ˈkændi/,糖果；冰糖；美化,junior,["名词", "动词", "基础词汇", "食物"]
cap,/kæp/,帽子；盖子；封顶；覆盖,junior,["名词", "动词", "基础词汇"]
capital,/ˈkæpɪtl/,首都；省会；资本；大写的,junior,["名词", "形容词", "中考核心"]
car,/kɑː/,汽车；轿车；车厢,junior,["名词", "基础词汇", "出行"]
card,/kɑːd/,卡片；纸牌；名片；信用卡,junior,["名词", "基础词汇"]
care,/keə/,关心；照顾；小心；忧虑,junior,["动词", "名词", "中考核心"]
careful,/ˈkeəfl/,小心的；仔细的；谨慎的,junior,["形容词", "基础词汇"]
careless,/ˈkeələs/,粗心的；疏忽的；草率的,junior,["形容词", "中考核心"]
carrot,/ˈkærət/,胡萝卜,junior,["名词", "基础词汇", "食物"]
carry,/ˈkæri/,携带；搬运；运送；支撑,junior,["动词", "中考核心"]
cartoon,/kɑːˈtuːn/,卡通；动画片；漫画,junior,["名词", "基础词汇"]
case,/keɪs/,情况；案例；箱子；案件,junior,["名词", "中考核心"]
cat,/kæt/,猫；猫科动物,junior,["名词", "基础词汇", "动物"]
catch,/kætʃ/,抓住；接住；赶上；感染,junior,["动词", "名词", "中考核心"]
cause,/kɔːz/,原因；起因；导致；引起,junior,["名词", "动词", "中考核心"]
celebrate,/ˈselɪbreɪt/,庆祝；庆贺；赞美,junior,["动词", "中考核心"]
celebration,/ˌselɪˈbreɪʃn/,庆祝；庆典；庆祝活动,junior,["名词", "拓展词汇"]
centre,/ˈsentə/,中心；中央；核心；集中,junior,["名词", "动词", "基础词汇"]
century,/ˈsentʃəri/,世纪；百年,junior,["名词", "中考核心"]
certain,/ˈsɜːtn/,确定的；肯定的；某一,junior,["形容词", "中考核心"]
certainly,/ˈsɜːtnli/,当然；肯定；无疑,junior,["副词", "基础词汇"]
chair,/tʃeə/,椅子；主席；主持,junior,["名词", "动词", "基础词汇"]
chairman,/ˈtʃeəmən/,主席；董事长；会长,junior,["名词", "拓展词汇"]
chalk,/tʃɔːk/,粉笔；白垩；用粉笔写,junior,["名词", "动词", "基础词汇", "校园"]
chance,/tʃɑːns/,机会；机遇；可能性；偶然发生,junior,["名词", "动词", "中考核心"]
change,/tʃeɪndʒ/,改变；变化；交换；零钱,junior,["动词", "名词", "中考核心"]
cheap,/tʃiːp/,便宜的；廉价的；小气的,junior,["形容词", "副词", "基础词汇"]
cheat,/tʃiːt/,欺骗；作弊；骗子；欺诈,junior,["动词", "名词", "拓展词汇"]
check,/tʃek/,检查；核对；支票；查看,junior,["动词", "名词", "中考核心"]
cheese,/tʃiːz/,奶酪；芝士,junior,["名词", "基础词汇", "食物"]
chef,/ʃef/,厨师；主厨,junior,["名词", "拓展词汇"]
chemistry,/ˈkemɪstri/,化学；化学性质,junior,["名词", "基础词汇", "学习"]
cheque,/tʃek/,支票,junior,["名词", "拓展词汇"]
chess,/tʃes/,国际象棋；棋,junior,["名词", "基础词汇", "娱乐"]
chest,/tʃest/,胸部；胸腔；箱子,junior,["名词", "拓展词汇"]
chicken,/ˈtʃɪkɪn/,鸡肉；小鸡；胆小的,junior,["名词", "形容词", "基础词汇", "食物"]
child,/tʃaɪld/,孩子；儿童；产物,junior,["名词", "基础词汇"]
childhood,/ˈtʃaɪldhʊd/,童年；幼年,junior,["名词", "拓展词汇"]
children,/ˈtʃɪldrən/,孩子们；儿童（child的复数）,junior,["名词", "基础词汇"]
choice,/tʃɔɪs/,选择；抉择；精选的,junior,["名词", "形容词", "中考核心"]
choose,/tʃuːz/,选择；挑选；决定,junior,["动词", "中考核心"]
chocolate,/ˈtʃɒklət/,巧克力；巧克力色,junior,["名词", "形容词", "基础词汇", "食物"]
Christmas,/ˈkrɪsməs/,圣诞节,junior,["名词", "基础词汇", "节日"]
church,/tʃɜːtʃ/,教堂；教会；礼拜,junior,["名词", "动词", "拓展词汇"]
cinema,/ˈsɪnəmə/,电影院；电影；电影业,junior,["名词", "基础词汇", "娱乐"]
circle,/ˈsɜːkl/,圆；圆圈；环绕；盘旋,junior,["名词", "动词", "中考核心"]
city,/ˈsɪti/,城市；都市；市,junior,["名词", "基础词汇"]
clap,/klæp/,拍手；鼓掌；拍手声,junior,["动词", "名词", "拓展词汇"]
class,/klɑːs/,班级；课；阶级；种类,junior,["名词", "动词", "基础词汇", "校园"]
classmate,/ˈklɑːsmeɪt/,同班同学,junior,["名词", "基础词汇", "校园"]
classroom,/ˈklɑːsruːm/,教室；课堂,junior,["名词", "基础词汇", "校园"]
clean,/kliːn/,干净的；清洁的；打扫；清理,junior,["形容词", "动词", "基础词汇"]
clear,/klɪə/,清晰的；清楚的；清除；澄清,junior,["形容词", "动词", "中考核心"]
clever,/ˈklevə/,聪明的；机灵的；灵巧的,junior,["形容词", "基础词汇"]
climb,/klaɪm/,爬；攀登；登山；上升,junior,["动词", "名词", "基础词汇"]
clock,/klɒk/,钟；时钟；计时,junior,["名词", "动词", "基础词汇"]
close,/kləʊz/,关闭；关闭的；接近；紧密地,junior,["动词", "形容词", "副词", "中考核心"]
cloth,/klɒθ/,布；布料；织物,junior,["名词", "拓展词汇"]
clothes,/kləʊðz/,衣服；服装,junior,["名词", "基础词汇"]
clothing,/ˈkləʊðɪŋ/,服装；衣物,junior,["名词", "拓展词汇"]
cloud,/klaʊd/,云；云朵；云状物；使模糊,junior,["名词", "动词", "基础词汇", "自然"]
cloudy,/ˈklaʊdi/,多云的；阴天的；模糊的,junior,["形容词", "基础词汇", "天气"]
club,/klʌb/,俱乐部；社团；棍棒；打,junior,["名词", "动词", "基础词汇", "校园"]
coach,/kəʊtʃ/,教练；长途汽车；指导；训练,junior,["名词", "动词", "中考核心"]
coal,/kəʊl/,煤；煤炭；烧煤,junior,["名词", "动词", "拓展词汇"]
coast,/kəʊst/,海岸；海滨；沿海岸而行,junior,["名词", "动词", "拓展词汇"]
coat,/kəʊt/,外套；大衣；涂层；覆盖,junior,["名词", "动词", "基础词汇"]
coffee,/ˈkɒfi/,咖啡；咖啡豆；咖啡色,junior,["名词", "基础词汇", "饮品"]
cold,/kəʊld/,冷的；寒冷的；感冒；冷淡地,junior,["形容词", "名词", "副词"]
collect,/kəˈlekt/,收集；采集；收藏；聚集,junior,["动词", "中考核心"]
collection,/kəˈlekʃn/,收集；收藏品；集合,junior,["名词", "拓展词汇"]
college,/ˈkɒlɪdʒ/,大学；学院；专科学校,junior,["名词", "中考核心"]
colour,/ˈkʌlə/,颜色；色彩；给……上色,junior,["名词", "动词", "基础词汇"]
come,/kʌm/,来；来到；出现；变得,junior,["动词", "基础词汇"]
comfortable,/ˈkʌmftəbl/,舒适的；舒服的；轻松的,junior,["形容词", "中考核心"]
common,/ˈkɒmən/,共同的；普通的；常见的,junior,["形容词", "中考核心"]
communicate,/kəˈmjuːnɪkeɪt/,交流；沟通；传达,junior,["动词", "中考核心"]
communication,/kəˌmjuːnɪˈkeɪʃn/,交流；沟通；通信,junior,["名词", "中考核心"]
company,/ˈkʌmpəni/,公司；陪伴；同伴,junior,["名词", "拓展词汇"]
compare,/kəmˈpeə/,比较；对比；与……类似,junior,["动词", "中考核心"]
compete,/kəmˈpiːt/,竞争；比赛；对抗,junior,["动词", "中考核心"]
competition,/ˌkɒmpəˈtɪʃn/,竞争；比赛；竞赛,junior,["名词", "中考核心"]
complete,/kəmˈpliːt/,完整的；完成的；完成；使完整,junior,["形容词", "动词", "中考核心"]
composition,/ˌkɒmpəˈzɪʃn/,作文；作曲；构成,junior,["名词", "基础词汇", "学习"]
computer,/kəmˈpjuːtə/,计算机；电脑,junior,["名词", "基础词汇", "学习"]
concert,/ˈkɒnsət/,音乐会；演唱会,junior,["名词", "拓展词汇", "娱乐"]
condition,/kənˈdɪʃn/,条件；状况；环境；使适应,junior,["名词", "动词", "中考核心"]
conference,/ˈkɒnfərəns/,会议；研讨会；讨论,junior,["名词", "拓展词汇"]
connect,/kəˈnekt/,连接；联系；关联,junior,["动词", "中考核心"]
consider,/kənˈsɪdə/,考虑；认为；顾及,junior,["动词", "中考核心"]
continue,/kənˈtɪnjuː/,继续；持续；延续,junior,["动词", "中考核心"]
control,/kənˈtrəʊl/,控制；管理；支配；控制权,junior,["动词", "名词", "中考核心"]
conversation,/ˌkɒnvəˈseɪʃn/,对话；交谈；谈话,junior,["名词", "中考核心"]
cook,/kʊk/,烹饪；做饭；厨师；厨子,junior,["动词", "名词", "基础词汇"]
cooker,/ˈkʊkə/,炊具；炉灶,junior,["名词", "拓展词汇"]
cooking,/ˈkʊkɪŋ/,烹饪；做饭；烹饪的,junior,["名词", "形容词", "基础词汇"]
cool,/kuːl/,凉爽的；酷的；冷静的；使冷却,junior,["形容词", "动词", "基础词汇"]
copy,/ˈkɒpi/,复制；抄写；副本；拷贝,junior,["动词", "名词", "中考核心"]
corn,/kɔːn/,玉米；谷物；五谷,junior,["名词", "拓展词汇", "食物"]
corner,/ˈkɔːnə/,角落；拐角；街角；转弯,junior,["名词", "动词", "基础词汇"]
correct,/kəˈrekt/,正确的；对的；纠正；改正,junior,["形容词", "动词", "中考核心"]
cost,/kɒst/,花费；成本；费用；值（多少钱）,junior,["动词", "名词", "中考核心"]
cotton,/ˈkɒtn/,棉花；棉线；棉制的,junior,["名词", "形容词", "拓展词汇"]
cough,/kɒf/,咳嗽；咳嗽声；咳出,junior,["动词", "名词", "拓展词汇"]
could,/kʊd/,能；可以；可能（can的过去式）,junior,["情态动词", "基础词汇"]
count,/kaʊnt/,数；计数；计算；认为,junior,["动词", "名词", "中考核心"]
country,/ˈkʌntri/,国家；乡村；农村,junior,["名词", "基础词汇"]
countryside,/ˈkʌntrisaɪd/,乡村；农村；郊外,junior,["名词", "基础词汇"]
couple,/ˈkʌpl/,夫妇；一对；几个,junior,["名词", "拓展词汇"]
courage,/ˈkʌrɪdʒ/,勇气；胆量,junior,["名词", "中考核心"]
course,/kɔːs/,课程；过程；道路；一道菜,junior,["名词", "中考核心", "学习"]
court,/kɔːt/,法院；法庭；球场；宫廷,junior,["名词", "拓展词汇"]
cousin,/ˈkʌzn/,堂兄/弟/姐/妹；表兄/弟/姐/妹,junior,["名词", "基础词汇", "亲属"]
cover,/ˈkʌvə/,覆盖；遮盖；封面；盖子,junior,["动词", "名词", "中考核心"]
cow,/kaʊ/,奶牛；母牛；雌兽,junior,["名词", "基础词汇", "动物"]
crazy,/ˈkreɪzi/,疯狂的；着迷的；发疯的,junior,["形容词", "中考核心"]
cream,/kriːm/,奶油；乳脂；面霜；奶油色的,junior,["名词", "形容词", "拓展词汇"]
create,/kriˈeɪt/,创造；创作；创建,junior,["动词", "中考核心"]
cross,/krɒs/,穿过；横过；十字形；交叉的,junior,["动词", "名词", "形容词", "中考核心"]
crowd,/kraʊd/,人群；群众；拥挤；挤满,junior,["名词", "动词", "中考核心"]
cruel,/ˈkruːəl/,残忍的；残酷的；无情的,junior,["形容词", "拓展词汇"]
cry,/kraɪ/,哭；哭泣；喊叫；哭声,junior,["动词", "名词", "基础词汇", "情绪"]
cup,/kʌp/,杯子；奖杯；一杯（的量）,junior,["名词", "基础词汇"]
cupboard,/ˈkʌbəd/,橱柜；衣柜；食橱,junior,["名词", "拓展词汇", "日常"]
curious,/ˈkjʊəriəs/,好奇的；奇特的,junior,["形容词", "中考核心"]
curtain,/ˈkɜːtn/,窗帘；幕布；遮蔽物,junior,["名词", "拓展词汇"]
custom,/ˈkʌstəm/,习惯；习俗；风俗,junior,["名词", "中考核心"]
customer,/ˈkʌstəmə/,顾客；客户,junior,["名词", "拓展词汇"]
cut,/kʌt/,切；割；剪；伤口；切口,junior,["动词", "名词", "基础词汇"]
daily,/ˈdeɪli/,日常的；每日的；日报；每天,junior,["形容词", "名词", "副词"]
dance,/dɑːns/,跳舞；舞蹈；舞会；跳动,junior,["动词", "名词", "基础词汇", "娱乐"]
danger,/ˈdeɪndʒə/,危险；风险；威胁,junior,["名词", "中考核心"]
dangerous,/ˈdeɪndʒərəs/,危险的；不安全的,junior,["形容词", "基础词汇"]
dark,/dɑːk/,黑暗的；深色的；黑暗；暗处,junior,["形容词", "名词", "基础词汇"]
date,/deɪt/,日期；约会；年代；注明日期,junior,["名词", "动词", "中考核心"]
daughter,/ˈdɔːtə/,女儿；子代,junior,["名词", "基础词汇", "亲属"]
day,/deɪ/,一天；白天；日子；时期,junior,["名词", "基础词汇", "时间"]
dead,/ded/,死的；无生命的；麻木的；死者,junior,["形容词", "名词", "中考核心"]
deaf,/def/,聋的；听不见的,junior,["形容词", "拓展词汇"]
deal,/diːl/,处理；应付；交易；大量,junior,["动词", "名词", "中考核心"]
dear,/dɪə/,亲爱的；昂贵的；哎呀；亲爱的人,junior,["形容词", "感叹词", "名词"]
death,/deθ/,死亡；逝世；灭亡,junior,["名词", "中考核心"]
December,/dɪˈsembə/,十二月,junior,["名词", "基础词汇", "时间"]
decide,/dɪˈsaɪd/,决定；下决心；裁决,junior,["动词", "中考核心"]
decision,/dɪˈsɪʒn/,决定；抉择；判决,junior,["名词", "中考核心"]
deep,/diːp/,深的；深刻的；深入地；深处,junior,["形容词", "副词", "名词", "中考核心"]
degree,/dɪˈɡriː/,度；度数；学位；程度,junior,["名词", "中考核心"]
delicious,/dɪˈlɪʃəs/,美味的；可口的；美妙的,junior,["形容词", "基础词汇", "食物"]
dentist,/ˈdentɪst/,牙医,junior,["名词", "拓展词汇"]
desk,/desk/,书桌；办公桌；服务台,junior,["名词", "基础词汇", "校园"]
develop,/dɪˈveləp/,发展；开发；培养；成长,junior,["动词", "中考核心"]
development,/dɪˈveləpmənt/,发展；开发；发育；进展,junior,["名词", "中考核心"]
diary,/ˈdaɪəri/,日记；日记本,junior,["名词", "基础词汇", "学习"]
dictary,/ˈdɪktəri/,词典；字典,junior,["名词", "基础词汇", "学习"]
die,/daɪ/,死；死亡；凋谢；消失,junior,["动词", "基础词汇"]
difference,/ˈdɪfrəns/,差异；差别；不同之处,junior,["名词", "中考核心"]
different,/ˈdɪfrənt/,不同的；有差异的；各种的,junior,["形容词", "基础词汇"]
difficult,/ˈdɪfɪkəlt/,困难的；艰难的；难懂的,junior,["形容词", "基础词汇"]
difficulty,/ˈdɪfɪkəlti/,困难；难题；困境,junior,["名词", "中考核心"]
dig,/dɪɡ/,挖；掘；挖掘；戳,junior,["动词", "拓展词汇"]
dinner,/ˈdɪnə/,晚餐；正餐；晚宴,junior,["名词", "基础词汇", "日常"]
direct,/dəˈrekt/,直接的；笔直的；指导；指挥,junior,["形容词", "动词", "中考核心"]
direction,/dəˈrekʃn/,方向；方位；指导；说明,junior,["名词", "中考核心"]
director,/dəˈrektə/,导演；董事；主管,junior,["名词", "拓展词汇"]
dirty,/ˈdɜːti/,脏的；肮脏的；弄脏；玷污,junior,["形容词", "动词", "基础词汇"]
discover,/dɪˈskʌvə/,发现；发觉；找到,junior,["动词", "中考核心"]
discovery,/dɪˈskʌvəri/,发现；发觉；被发现的事物,junior,["名词", "中考核心"]
discuss,/dɪˈskʌs/,讨论；谈论；商讨,junior,["动词", "中考核心"]
discussion,/dɪˈskʌʃn/,讨论；谈论；商讨,junior,["名词", "中考核心"]
disease,/dɪˈziːz/,疾病；病害；弊病,junior,["名词", "拓展词汇"]
dish,/dɪʃ/,盘子；碟子；菜肴；盘装菜,junior,["名词", "基础词汇", "食物"]
distance,/ˈdɪstəns/,距离；间距；遥远,junior,["名词", "中考核心"]
distant,/ˈdɪstənt/,遥远的；久远的；冷淡的,junior,["形容词", "拓展词汇"]
divide,/dɪˈvaɪd/,划分；分开；分割；除,junior,["动词", "中考核心", "数学"]
do,/duː/,做；干；办；行动,junior,["动词", "助动词", "基础词汇"]
doctor,/ˈdɒktə/,医生；博士；诊治,junior,["名词", "动词", "基础词汇"]
dog,/dɒɡ/,狗；犬；公狗,junior,["名词", "基础词汇", "动物"]
doll,/dɒl/,洋娃娃；玩偶；玩具娃娃,junior,["名词", "基础词汇", "玩具"]
dollar,/ˈdɒlə/,美元；元（货币单位）,junior,["名词", "拓展词汇"]
door,/dɔː/,门；门口；途径,junior,["名词", "基础词汇"]
double,/ˈdʌbl/,双重的；两倍的；加倍；双份,junior,["形容词", "动词", "名词", "中考核心"]
doubt,/daʊt/,怀疑；疑惑；疑问；不信,junior,["动词", "名词", "中考核心"]
down,/daʊn/,向下；朝下；沿着；低落的,junior,["副词", "介词", "形容词"]
dozen,/ˈdʌzn/,一打；十二个；几十,junior,["名词", "拓展词汇"]
draw,/drɔː/,画；绘画；拉；吸引,junior,["动词", "名词", "中考核心"]
drawer,/drɔː/,抽屉；画家；制图员,junior,["名词", "拓展词汇"]
drawing,/ˈdrɔːɪŋ/,绘画；图画；素描画,junior,["名词", "基础词汇", "学习"]
dream,/driːm/,梦想；做梦；理想；梦见,junior,["名词", "动词", "中考核心"]
dress,/dres/,连衣裙；服装；穿衣服；打扮,junior,["名词", "动词", "基础词汇"]
drink,/drɪŋk/,喝；饮；饮料；喝酒,junior,["动词", "名词", "基础词汇"]
drive,/draɪv/,驾驶；开车；驱使；车程,junior,["动词", "名词", "中考核心"]
driver,/ˈdraɪvə/,司机；驾驶员；驱动器,junior,["名词", "基础词汇", "出行"]
drop,/drɒp/,落下；掉下；滴；水珠,junior,["动词", "名词", "中考核心"]
dry,/draɪ/,干的；干燥的；弄干；变干,junior,["形容词", "动词", "基础词汇"]
duck,/dʌk/,鸭子；鸭肉；低下头；躲避,junior,["名词", "动词", "基础词汇", "动物"]
dumpling,/ˈdʌmplɪŋ/,饺子；团子,junior,["名词", "基础词汇", "食物"]
during,/ˈdjʊərɪŋ/,在……期间；在……过程中,junior,["介词", "基础词汇"]
each,/iːtʃ/,每个；各自；每一,junior,["形容词", "代词", "副词"]
eager,/ˈiːɡə/,渴望的；热切的；急切的,junior,["形容词", "拓展词汇"]
ear,/ɪə/,耳朵；听力；听觉；穗,junior,["名词", "基础词汇"]
early,/ˈɜːli/,早的；早期的；早；提早,junior,["形容词", "副词", "基础词汇"]
earn,/ɜːn/,赚；挣得；获得；赢得,junior,["动词", "拓展词汇"]
earth,/ɜːθ/,地球；大地；泥土；陆地,junior,["名词", "基础词汇", "自然"]
easily,/ˈiːzɪli/,容易地；轻易地；无疑地,junior,["副词", "中考核心"]
east,/iːst/,东；东方；东部；东方的,junior,["名词", "形容词", "副词"]
eastern,/ˈiːstən/,东方的；东部的；朝东的,junior,["形容词", "拓展词汇"]
easy,/ˈiːzi/,容易的；简单的；轻松的,junior,["形容词", "副词", "基础词汇"]
eat,/iːt/,吃；吃饭；进食,junior,["动词", "基础词汇"]
edge,/edʒ/,边缘；边沿；刀刃；使锐利,junior,["名词", "动词", "拓展词汇"]
education,/ˌedʒuˈkeɪʃn/,教育；培养；教育学,junior,["名词", "中考核心", "学习"]
effect,/ɪˈfekt/,效果；作用；影响；产生,junior,["名词", "动词", "中考核心"]
effort,/ˈefət/,努力；尽力；尝试,junior,["名词", "中考核心"]
egg,/eɡ/,鸡蛋；蛋；卵,junior,["名词", "基础词汇", "食物"]
eight,/eɪt/,八；八个；第八,junior,["数词", "基础词汇"]
eighteen,/ˌeɪˈtiːn/,十八；十八个,junior,["数词", "基础词汇"]
eighth,/eɪtθ/,第八；八分之一,junior,["数词", "拓展词汇"]
eighty,/ˈeɪti/,八十；八十个,junior,["数词", "基础词汇"]
either,/ˈaɪðə/,或者；要么；两者之一；也（不）,junior,["连词", "代词", "副词", "形容词"]
elder,/ˈeldə/,年纪较大的；长辈；年长的,junior,["形容词", "名词", "中考核心"]
electric,/ɪˈlektrɪk/,电的；电动的；发电的,junior,["形容词", "拓展词汇"]
electricity,/ɪˌlekˈtrɪsəti/,电；电力；电流,junior,["名词", "中考核心"]
elephant,/ˈelɪfənt/,大象；象,junior,["名词", "基础词汇", "动物"]
eleven,/ɪˈlevn/,十一；十一个,junior,["数词", "基础词汇"]
else,/els/,其他的；另外的；否则,junior,["形容词", "副词", "基础词汇"]
e-mail,/ˈiːmeɪl/,电子邮件；发电子邮件,junior,["名词", "动词", "基础词汇", "学习"]
empty,/ˈempti/,空的；空洞的；倒空；清空,junior,["形容词", "动词", "中考核心"]
end,/end/,结束；终止；尽头；末尾,junior,["动词", "名词", "基础词汇"]
enemy,/ˈenəmi/,敌人；仇敌；敌军,junior,["名词", "拓展词汇"]
energy,/ˈenədʒi/,能量；精力；活力；能源,junior,["名词", "中考核心"]
engine,/ˈendʒɪn/,发动机；引擎；机车,junior,["名词", "拓展词汇"]
engineer,/ˌendʒɪˈnɪə/,工程师；设计师；设计；建造,junior,["名词", "动词", "拓展词汇"]
enjoy,/ɪnˈdʒɔɪ/,享受；喜爱；欣赏,junior,["动词", "中考核心"]
enough,/ɪˈnʌf/,足够的；充足的；足够；充分,junior,["形容词", "副词", "代词"]
enter,/ˈentə/,进入；参加；录入；开始,junior,["动词", "中考核心"]
entrance,/ˈentrəns/,入口；门口；进入；入学,junior,["名词", "拓展词汇"]
environment,/ɪnˈvaɪrənmənt/,环境；周围状况；自然环境,junior,["名词", "中考核心"]
eraser,/ɪˈreɪzə/,橡皮；橡皮擦；黑板擦,junior,["名词", "基础词汇", "校园"]
especially,/ɪˈspeʃəli/,特别；尤其；格外,junior,["副词", "中考核心"]
Europe,/ˈjʊərəp/,欧洲,junior,["名词", "拓展词汇"]
European,/ˌjʊərəˈpiːən/,欧洲的；欧洲人；欧洲人的,junior,["形容词", "名词", "拓展词汇"]
even,/ˈiːvn/,甚至；即使；平坦的；偶数的,junior,["副词", "形容词", "中考核心"]
evening,/ˈiːvnɪŋ/,晚上；傍晚；晚会,junior,["名词", "基础词汇", "日常"]
ever,/ˈevə/,曾经；永远；究竟,junior,["副词", "中考核心"]
every,/ˈevri/,每个；每一；所有的,junior,["形容词", "基础词汇"]
everybody,/ˈevribɒdi/,每个人；人人,junior,["代词", "基础词汇"]
everyone,/ˈevriwʌn/,每个人；人人,junior,["代词", "基础词汇"]
everything,/ˈevriθɪŋ/,每件事；一切；所有事物,junior,["代词", "中考核心"]
everywhere,/ˈevriweə/,到处；处处；各个地方,junior,["副词", "基础词汇"]
exact,/ɪɡˈzækt/,精确的；准确的；确切的,junior,["形容词", "拓展词汇"]
exactly,/ɪɡˈzæktli/,确切地；精确地；正好,junior,["副词", "中考核心"]
examine,/ɪɡˈzæmɪn/,检查；审查；考试；检验,junior,["动词", "中考核心"]
example,/ɪɡˈzɑːmpl/,例子；实例；榜样；范例,junior,["名词", "中考核心"]
excellent,/ˈeksələnt/,极好的；优秀的；杰出的,junior,["形容词", "基础词汇"]
except,/ɪkˈsept/,除了……之外；不包括,junior,["介词", "连词", "中考核心"]
excited,/ɪkˈsaɪtɪd/,兴奋的；激动的；活跃的,junior,["形容词", "基础词汇", "情绪"]
exciting,/ɪkˈsaɪtɪŋ/,令人兴奋的；使人激动的,junior,["形容词", "基础词汇", "情绪"]
excuse,/ɪkˈskjuːs/,借口；理由；原谅；宽恕,junior,["名词", "动词", "中考核心"]
exercise,/ˈeksəsaɪz/,锻炼；运动；练习；训练,junior,["名词", "动词", "基础词汇"]
exhibition,/ˌeksɪˈbɪʃn/,展览；展览会；展示,junior,["名词", "拓展词汇"]
exist,/ɪɡˈzɪst/,存在；生存；生活,junior,["动词", "拓展词汇"]
expect,/ɪkˈspekt/,期待；期望；预料；指望,junior,["动词", "中考核心"]
expensive,/ɪkˈspensɪv/,昂贵的；高价的,junior,["形容词", "基础词汇"]
experience,/ɪkˈspɪəriəns/,经验；经历；体验；感受,junior,["名词", "动词", "中考核心"]
experiment,/ɪkˈsperɪmənt/,实验；试验；做实验；尝试,junior,["名词", "动词", "拓展词汇"]
explain,/ɪkˈspleɪn/,解释；说明；阐明,junior,["动词", "中考核心"]
explanation,/ˌekspləˈneɪʃn/,解释；说明；阐述,junior,["名词", "中考核心"]
express,/ɪkˈspres/,表达；表示；快车；快递的,junior,["动词", "名词", "形容词", "中考核心"]
expression,/ɪkˈspreʃn/,表达；表情；词句；表现,junior,["名词", "中考核心"]
eye,/aɪ/,眼睛；视力；眼光；注视,junior,["名词", "动词", "基础词汇"]
face,/feɪs/,脸；面孔；面对；面向,junior,["名词", "动词", "基础词汇"]
fact,/fækt/,事实；真相；实际情况,junior,["名词", "中考核心"]
factory,/ˈfæktri/,工厂；制造厂,junior,["名词", "基础词汇"]
fail,/feɪl/,失败；未能；不及格；失灵,junior,["动词", "名词", "中考核心"]
fair,/feə/,公平的；合理的；集市；博览会,junior,["形容词", "名词", "中考核心"]
fairly,/ˈfeəli/,公平地；相当地；完全地,junior,["副词", "中考核心"]
fall,/fɔːl/,落下；跌倒；秋天；瀑布,junior,["动词", "名词", "基础词汇"]
false,/fɔːls/,错误的；虚假的；伪造的,junior,["形容词", "拓展词汇"]
family,/ˈfæməli/,家庭；家族；家属；子女,junior,["名词", "基础词汇", "亲属"]
famous,/ˈfeɪməs/,著名的；出名的；闻名的,junior,["形容词", "基础词汇"]
fan,/fæn/,扇子；风扇；粉丝；扇动,junior,["名词", "动词", "基础词汇"]
far,/fɑː/,远的；遥远的；远；久远地,junior,["形容词", "副词", "中考核心"]
farm,/fɑːm/,农场；农庄；务农；种田,junior,["名词", "动词", "基础词汇"]
farmer,/ˈfɑːmə/,农民；农夫；农场主,junior,["名词", "基础词汇"]
fast,/fɑːst/,快的；迅速的；快；迅速地,junior,["形容词", "副词", "中考核心"]
fat,/fæt/,胖的；肥的；脂肪；肥肉,junior,["形容词", "名词", "基础词汇"]
father,/ˈfɑːðə/,父亲；爸爸；神父；创始人,junior,["名词", "基础词汇", "亲属"]
fault,/fɔːlt/,过错；缺点；故障；责任,junior,["名词", "拓展词汇"]
favour,/ˈfeɪvə/,恩惠；帮助；偏爱；支持,junior,["名词", "动词", "中考核心"]
favourite,/ˈfeɪvərɪt/,最喜欢的；特别喜爱的人/物,junior,["形容词", "名词", "基础词汇"]
fear,/fɪə/,害怕；恐惧；担心；畏惧,junior,["动词", "名词", "中考核心"]
February,/ˈfebruəri/,二月,junior,["名词", "基础词汇", "时间"]
feed,/fiːd/,喂养；饲养；进食；饲料,junior,["动词", "名词", "中考核心"]
feel,/fiːl/,感觉；觉得；触摸；手感,junior,["动词", "名词", "中考核心"]
feeling,/ˈfiːlɪŋ/,感觉；情绪；情感；感想,junior,["名词", "形容词", "中考核心"]
fellow,/ˈfelə/,家伙；同事；同伴；同类的,junior,["名词", "形容词", "拓展词汇"]
few,/fjuː/,很少的；少数的；少数；几个,junior,["形容词", "代词", "中考核心"]
fever,/ˈfiːvə/,发烧；发热；狂热,junior,["名词", "拓展词汇"]
field,/fiːld/,田野；场地；领域；田地,junior,["名词", "基础词汇"]
fifteen,/ˌfɪfˈtiːn/,十五；十五个,junior,["数词", "基础词汇"]
fifth,/fɪfθ/,第五；五分之一,junior,["数词", "基础词汇"]
fifty,/ˈfɪfti/,五十；五十个,junior,["数词", "基础词汇"]
fight,/faɪt/,打架；战斗；斗争；争论,junior,["动词", "名词", "中考核心"]
fill,/fɪl/,填满；装满；填充；充满,junior,["动词", "名词", "中考核心"]
film,/fɪlm/,电影；影片；胶卷；拍摄,junior,["名词", "动词", "基础词汇", "娱乐"]
final,/ˈfaɪnl/,最后的；最终的；决赛；期末考试,junior,["形容词", "名词", "中考核心"]
finally,/ˈfaɪnəli/,最后；终于；最终,junior,["副词", "基础词汇"]
find,/faɪnd/,找到；发现；发觉；认为,junior,["动词", "名词", "中考核心"]
fine,/faɪn/,好的；优良的；罚款；晴朗的,junior,["形容词", "动词", "名词", "基础词汇"]
finger,/ˈfɪŋɡə/,手指；指状物；用手指触摸,junior,["名词", "动词", "基础词汇"]
finish,/ˈfɪnɪʃ/,完成；结束；终止；结尾,junior,["动词", "名词", "基础词汇"]
fire,/ˈfaɪə/,火；火灾；燃烧；解雇,junior,["名词", "动词", "基础词汇"]
fireman,/ˈfaɪəmən/,消防员；救火队员,junior,["名词", "拓展词汇"]
firm,/fɜːm/,坚固的；坚定的；公司；商号,junior,["形容词", "名词", "拓展词汇"]
first,/fɜːst/,第一；最初；首先；第一个,junior,["数词", "形容词", "副词", "名词"]
fish,/fɪʃ/,鱼；鱼肉；钓鱼；捕鱼,junior,["名词", "动词", "基础词汇", "食物"]
fisherman,/ˈfɪʃəmən/,渔夫；渔民,junior,["名词", "拓展词汇"]
fit,/fɪt/,适合；合身；健康的；合适的,junior,["动词", "形容词", "中考核心"]
five,/faɪv/,五；五个,junior,["数词", "基础词汇"]
fix,/fɪks/,修理；安装；固定；确定,junior,["动词", "名词", "中考核心"]
flag,/flæɡ/,旗帜；旗子；标志；旗舰,junior,["名词", "动词", "基础词汇"]
flame,/fleɪm/,火焰；火苗；热情；燃烧,junior,["名词", "动词", "拓展词汇"]
flat,/flæt/,平的；平坦的；公寓；单元房,junior,["形容词", "名词", "拓展词汇"]
flew,/fluː/,飞；飞行；乘飞机（fly的过去式）,junior,["动词", "拓展词汇"]
float,/fləʊt/,漂浮；浮动；漂流；浮标,junior,["动词", "名词", "拓展词汇"]
floor,/flɔː/,地板；地面；楼层；底部,junior,["名词", "基础词汇"]
flower,/ˈflaʊə/,花；花朵；开花；繁荣,junior,["名词", "动词", "基础词汇", "自然"]
fly,/flaɪ/,飞；飞行；乘飞机；苍蝇,junior,["动词", "名词", "中考核心"]
fog,/fɒɡ/,雾；雾气；朦胧；使模糊,junior,["名词", "动词", "拓展词汇"]
foggy,/ˈfɒɡi/,有雾的；模糊的；朦胧的,junior,["形容词", "拓展词汇", "天气"]
fold,/fəʊld/,折叠；对折；褶皱；折叠处,junior,["动词", "名词", "拓展词汇"]
follow,/ˈfɒləʊ/,跟随；跟着；遵循；理解,junior,["动词", "中考核心"]
food,/fuːd/,食物；食品；养料,junior,["名词", "基础词汇"]
fool,/fuːl/,傻瓜；愚人；愚弄；欺骗,junior,["名词", "动词", "拓展词汇"]
foolish,/ˈfuːlɪʃ/,愚蠢的；傻的；荒谬的,junior,["形容词", "中考核心"]
foot,/fʊt/,脚；足；底部；英尺,junior,["名词", "基础词汇"]
football,/ˈfʊtbɔːl/,足球；足球运动,junior,["名词", "基础词汇", "运动"]
for,/fɔː/,为了；给；对；供,junior,["介词", "连词", "基础词汇"]
force,/fɔːs/,力量；武力；强迫；迫使,junior,["名词", "动词", "拓展词汇"]
foreign,/ˈfɒrən/,外国的；外交的；异质的,junior,["形容词", "中考核心"]
forest,/ˈfɒrɪst/,森林；林区；丛林,junior,["名词", "基础词汇", "自然"]
forget,/fəˈɡet/,忘记；遗忘；忽略；不再想,junior,["动词", "中考核心"]
forgive,/fəˈɡɪv/,原谅；宽恕；饶恕,junior,["动词", "拓展词汇"]
fork,/fɔːk/,叉子；餐叉；岔路口；分叉,junior,["名词", "动词", "基础词汇", "餐具"]
form,/fɔːm/,形式；形状；表格；形成,junior,["名词", "动词", "中考核心"]
forty,/ˈfɔːti/,四十；四十个,junior,["数词", "基础词汇"]
forward,/ˈfɔːwəd/,向前；前进；将来的；转发,junior,["副词", "形容词", "动词", "拓展词汇"]
four,/fɔː/,四；四个,junior,["数词", "基础词汇"]
fourteen,/ˌfɔːˈtiːn/,十四；十四个,junior,["数词", "基础词汇"]
fourth,/fɔːθ/,第四；四分之一,junior,["数词", "基础词汇"]
free,/friː/,自由的；免费的；空闲的；释放,junior,["形容词", "动词", "中考核心"]
freedom,/ˈfriːdəm/,自由；自主；解放,junior,["名词", "中考核心"]
freeze,/friːz/,结冰；冻结；冷冻；严寒,junior,["动词", "名词", "拓展词汇"]
fresh,/freʃ/,新鲜的；清新的；新颖的,junior,["形容词", "基础词汇"]
Friday,/ˈfraɪdeɪ/,星期五,junior,["名词", "基础词汇", "时间"]
friend,/frend/,朋友；友人；赞助者,junior,["名词", "基础词汇"]
friendly,/ˈfrendli/,友好的；友善的；亲切的,junior,["形容词", "副词", "基础词汇"]
friendship,/ˈfrendʃɪp/,友谊；友情；友爱,junior,["名词", "中考核心"]
frighten,/ˈfraɪtn/,使害怕；使恐惧；吓唬,junior,["动词", "拓展词汇"]
from,/frəm/,从；来自；由；离,junior,["介词", "基础词汇"]
front,/frʌnt/,前面的；前部的；前面；前线,junior,["形容词", "名词", "副词", "动词"]
fruit,/fruːt/,水果；果实；成果；结果,junior,["名词", "动词", "基础词汇", "食物"]
full,/fʊl/,满的；充满的；完全的；全部,junior,["形容词", "副词", "名词", "基础词汇"]
fun,/fʌn/,乐趣；玩笑；有趣的；使人愉快的,junior,["名词", "形容词", "基础词汇"]

名词; 动词; 中考核心	